personId,movieId,progress,lastWatch
61,72,11%,3/21/20 8:20
71,73,14%,3/5/20 5:20
4,2,10%,1/1/70 0:00
16,3,2%,1/14/19 23:46
40,4,5%,8/5/19 16:12
61,5,43%,1/1/70 0:00
64,6,2%,1/1/70 0:00
76,7,5%,1/29/19 5:33
118,8,7%,6/12/18 0:09
134,9,2%,6/13/18 7:10
205,10,5%,7/23/19 21:51
224,11,13%,2/24/20 4:55
234,12,2%,8/26/19 14:19
42,0,13%,11/22/19 19:15
61,1,4%,4/13/18 3:02
70,2,100%,3/13/20 4:57
71,3,4%,12/11/19 5:12
101,4,4%,1/21/20 4:44
123,5,22%,1/1/70 0:00
223,6,4%,1/24/18 4:35
238,7,22%,1/1/70 0:00
4,49,3%,1/29/19 23:43
12,50,13%,6/2/19 10:31
76,51,6%,1/29/19 23:58
128,52,2%,11/13/19 3:45
159,53,98%,12/12/19 0:48
186,54,11%,5/3/19 2:08
254,55,2%,1/27/20 21:19
280,56,52%,7/11/19 2:24
12,1,7%,8/8/18 0:48
18,2,3%,7/30/18 6:05
19,3,3%,3/26/20 20:38
61,4,7%,7/19/18 8:33
70,5,80%,3/13/20 4:56
103,6,30%,2/4/20 2:02
118,7,7%,8/10/18 3:13
128,8,27%,12/19/19 0:17
133,9,3%,10/1/19 6:30
205,10,23%,11/17/19 23:18
223,11,3%,7/17/18 11:21
224,12,3%,12/8/19 21:41
228,13,27%,2/4/19 21:15
234,14,7%,9/6/19 18:21
266,15,3%,7/30/18 6:20
0,4,8%,2/24/20 22:05
61,5,8%,11/14/19 20:42
72,6,4%,11/14/19 15:16
84,7,92%,12/10/19 21:30
159,8,4%,11/12/19 4:06
170,9,54%,1/14/20 13:01
223,10,8%,1/9/20 16:38
224,11,42%,11/27/19 10:47
282,12,38%,3/9/20 18:54
288,13,13%,11/20/19 16:55
4,6,22%,9/9/19 0:05
10,7,100%,3/18/19 21:11
12,8,76%,9/10/18 8:23
13,9,5%,1/1/70 0:00
14,10,97%,10/29/19 15:23
23,11,5%,1/1/70 0:00
30,12,14%,4/30/18 2:44
33,13,43%,7/26/19 20:21
37,14,32%,11/11/19 21:21
42,15,22%,12/27/18 3:37
45,16,8%,6/8/19 12:46
48,17,84%,5/2/18 14:32
53,18,11%,11/15/19 20:15
56,19,100%,3/19/20 18:29
57,20,5%,7/26/19 13:39
61,21,97%,3/4/19 0:32
64,22,73%,4/27/18 20:44
66,23,92%,4/27/19 5:21
70,24,3%,1/17/19 1:12
71,25,22%,5/10/19 6:23
72,26,8%,1/1/70 0:00
76,27,35%,1/8/19 21:58
81,28,3%,1/1/70 0:00
85,29,32%,9/18/18 7:04
89,30,62%,11/20/19 10:00
101,31,3%,4/14/19 22:56
102,32,8%,1/1/70 0:00
111,33,100%,3/6/19 15:57
112,34,3%,4/10/19 23:39
117,35,16%,7/12/19 6:35
118,36,30%,4/10/19 23:27
123,37,22%,4/1/19 6:10
125,38,14%,3/6/20 13:29
133,39,3%,10/1/19 23:39
133,40,16%,10/1/19 6:30
134,41,100%,2/14/19 8:39
139,42,78%,4/1/20 19:37
142,43,57%,4/5/19 20:23
149,44,14%,3/28/19 13:48
151,45,5%,10/8/19 21:40
165,46,100%,11/22/19 5:06
166,47,5%,4/18/19 8:39
181,48,32%,1/1/70 0:00
182,49,16%,2/18/20 2:31
183,50,14%,6/30/19 18:12
204,51,5%,4/4/19 20:37
206,52,24%,10/11/19 15:24
218,53,5%,1/1/70 0:00
224,54,100%,11/21/19 1:42
234,55,14%,8/20/19 14:59
254,56,3%,11/19/19 16:24
256,57,92%,10/24/19 3:38
258,58,3%,12/4/19 3:14
269,59,19%,4/5/19 5:25
275,60,3%,9/7/19 22:24
276,61,32%,10/3/19 15:59
40,7,1%,3/2/20 16:49
42,8,76%,2/24/20 19:07
59,9,3%,2/28/20 20:36
61,10,4%,5/22/18 23:30
70,11,4%,1/14/20 23:59
76,12,6%,2/7/19 3:55
101,13,1%,12/20/17 4:13
102,14,4%,1/1/70 0:00
112,15,3%,1/21/20 1:21
118,16,10%,2/12/20 1:05
128,17,1%,9/18/19 4:20
139,18,29%,12/9/19 2:33
166,19,3%,2/2/18 14:09
205,20,8%,1/16/20 0:45
207,21,3%,1/1/70 0:00
224,22,4%,2/24/20 5:19
226,23,4%,8/2/19 4:29
235,24,56%,10/2/18 9:04
245,25,13%,4/5/19 1:48
254,26,7%,9/28/18 0:48
261,27,1%,4/17/19 6:41
32,8,1%,12/17/19 20:34
40,9,88%,2/21/20 21:22
42,10,1%,3/25/20 15:44
71,11,8%,12/6/19 4:17
114,12,8%,1/26/20 4:32
118,13,1%,3/30/20 23:01
128,14,1%,11/28/19 0:31
144,15,94%,1/3/20 15:15
159,16,2%,11/28/19 2:54
223,17,1%,1/21/20 2:47
224,18,25%,2/18/20 8:04
4,9,2%,5/7/18 3:53
12,10,13%,10/15/19 3:36
21,11,2%,1/13/20 15:54
31,12,1%,12/17/19 20:45
40,13,7%,2/25/20 17:02
42,14,17%,10/2/19 12:19
61,15,2%,4/2/20 5:13
62,16,2%,5/30/18 23:17
70,17,7%,6/15/18 4:00
106,18,1%,2/18/20 16:14
118,19,1%,12/9/19 23:27
123,20,19%,1/1/70 0:00
147,21,1%,3/12/20 20:50
151,22,2%,2/22/19 11:05
218,23,5%,6/13/18 23:01
224,24,18%,2/24/20 4:25
234,25,11%,7/1/19 14:56
238,26,1%,1/1/70 0:00
245,27,38%,7/17/18 0:37
276,28,1%,10/17/19 14:13
297,29,1%,1/10/20 17:40
0,10,82%,3/8/20 23:49
1,11,85%,6/28/19 6:47
2,12,25%,2/27/20 18:47
3,13,98%,1/4/20 15:01
4,14,75%,2/22/19 3:41
5,15,2%,5/1/19 8:46
7,16,36%,11/20/19 3:39
8,17,45%,3/29/19 15:47
9,18,91%,3/28/20 4:37
10,19,89%,12/18/19 22:48
12,20,75%,3/24/18 6:30
13,21,82%,6/28/19 11:15
14,22,100%,12/11/19 14:24
16,23,80%,3/20/19 21:05
17,24,80%,12/29/19 4:45
18,25,78%,6/7/19 6:06
20,26,5%,1/3/20 22:17
21,27,100%,7/31/19 20:46
22,28,11%,2/25/20 19:35
23,29,2%,1/1/70 0:00
24,30,13%,12/6/19 17:14
25,31,75%,2/21/18 0:45
26,32,78%,3/23/20 20:30
27,33,29%,2/11/20 9:25
28,34,100%,3/6/20 21:00
29,35,15%,7/26/19 20:50
30,36,15%,3/6/20 6:20
33,37,100%,7/31/19 18:56
37,38,100%,10/22/19 20:36
40,39,80%,3/8/19 21:16
41,40,42%,3/30/20 20:40
42,41,2%,2/11/20 0:52
43,42,75%,3/23/20 12:32
44,43,16%,3/6/20 20:30
46,44,16%,12/21/19 0:07
47,45,56%,3/12/20 16:34
48,46,78%,5/29/18 22:53
50,47,5%,1/8/20 20:19
51,48,100%,11/25/19 0:08
53,49,96%,12/2/19 15:29
54,50,16%,3/6/20 21:23
55,51,85%,7/2/19 17:10
56,52,100%,3/13/20 17:50
57,53,20%,11/6/19 17:44
61,54,24%,11/13/19 1:09
64,55,64%,8/2/19 20:06
65,56,100%,9/13/19 18:56
66,57,69%,2/25/19 3:39
70,58,5%,9/13/18 6:36
71,59,100%,10/9/19 21:03
72,60,15%,9/10/19 23:00
73,61,2%,2/2/20 2:13
75,62,56%,1/19/19 0:01
76,63,78%,5/10/19 4:45
79,64,25%,11/15/19 21:48
81,65,100%,8/27/19 8:04
82,66,18%,3/30/20 21:40
84,67,60%,10/22/19 16:52
87,68,35%,3/16/20 23:13
89,69,96%,8/25/19 2:43
90,70,78%,7/16/19 20:33
100,71,100%,3/5/20 19:47
101,72,5%,4/9/18 4:18
102,73,95%,8/30/19 20:00
105,74,100%,12/6/19 21:48
105,75,2%,9/13/19 5:15
106,76,100%,12/13/19 20:18
108,77,13%,2/11/20 20:19
110,78,58%,3/8/20 21:20
111,79,100%,9/18/19 18:43
112,80,96%,8/26/19 23:03
114,81,35%,3/9/20 19:43
116,82,75%,1/30/18 19:14
117,83,93%,2/17/20 23:55
118,84,78%,3/4/19 5:21
118,85,69%,12/4/19 22:06
123,86,2%,10/9/18 2:02
125,87,100%,2/25/20 20:07
127,88,36%,8/16/19 20:28
128,89,60%,4/1/20 5:36
129,90,80%,8/9/19 19:28
131,91,89%,12/6/19 21:24
132,92,85%,7/26/19 20:37
133,93,7%,2/9/20 10:51
133,94,2%,7/24/19 2:04
134,95,33%,2/20/19 22:41
135,96,25%,3/23/20 14:08
137,97,85%,5/28/19 23:11
138,98,95%,8/30/19 19:44
139,99,2%,9/20/19 19:55
140,100,85%,6/20/19 13:42
142,101,85%,1/23/20 14:18
143,102,20%,11/1/19 20:51
145,103,38%,4/2/20 15:41
146,104,98%,11/1/19 22:08
149,105,71%,11/1/18 20:15
150,106,20%,3/6/20 20:38
152,107,100%,10/28/19 15:28
154,108,4%,2/13/19 22:51
155,109,78%,11/3/18 4:11
156,110,95%,11/14/19 17:24
157,111,60%,12/5/19 2:42
158,112,2%,10/2/19 5:59
159,113,24%,3/6/20 5:41
160,114,100%,9/16/19 1:45
161,115,20%,1/17/20 21:04
162,116,78%,5/15/18 2:38
163,117,16%,3/30/20 18:05
165,118,96%,3/6/20 6:25
166,119,80%,5/31/19 16:53
168,120,7%,10/22/19 19:00
170,121,100%,10/17/19 16:00
172,122,24%,12/17/19 14:43
173,123,100%,8/9/19 21:00
174,124,85%,3/19/20 17:58
175,125,76%,3/29/19 20:28
176,126,15%,3/4/20 16:05
177,127,16%,3/10/20 20:41
179,128,100%,11/18/19 16:56
181,129,4%,4/18/18 14:01
182,130,100%,8/16/19 5:41
183,131,80%,7/3/19 16:07
184,132,4%,2/24/20 20:58
186,133,100%,9/2/19 23:06
188,134,18%,12/13/19 21:47
189,135,73%,3/27/20 21:36
191,136,2%,1/24/20 4:11
192,137,2%,10/23/18 5:38
193,138,47%,1/11/19 21:38
195,139,11%,12/19/19 0:21
198,140,91%,3/5/20 15:42
201,141,13%,2/27/19 20:31
203,142,95%,11/18/19 17:46
205,143,93%,9/11/19 13:16
206,144,33%,3/6/20 12:46
207,145,2%,3/18/19 1:56
208,146,89%,2/27/20 22:55
209,147,65%,2/25/19 3:35
210,148,100%,2/28/20 16:28
211,149,100%,10/17/19 14:56
214,150,31%,3/19/20 14:27
215,151,11%,2/15/19 21:48
219,152,7%,3/3/20 18:21
220,153,2%,12/18/19 15:17
222,154,100%,1/1/20 9:08
223,155,20%,9/3/19 7:52
224,156,100%,11/21/19 2:26
223,157,33%,1/3/20 22:08
224,158,82%,7/15/19 10:35
225,159,71%,8/2/19 20:56
226,160,100%,8/16/19 1:13
227,161,45%,2/19/20 21:56
228,162,2%,12/22/17 2:06
229,163,11%,3/25/20 21:19
231,164,100%,3/5/20 4:57
233,165,100%,10/9/19 16:09
235,166,75%,7/31/19 15:03
236,167,65%,2/7/20 21:03
237,168,89%,2/28/20 20:50
239,169,80%,3/1/19 5:49
241,170,47%,3/6/20 2:46
242,171,24%,11/24/19 0:29
244,172,13%,3/4/20 4:26
246,173,11%,7/19/19 20:52
247,174,13%,3/1/19 16:31
248,175,96%,11/24/19 5:31
249,176,93%,11/24/19 16:43
250,177,89%,8/3/19 14:55
252,178,24%,2/28/20 15:03
259,179,91%,2/25/20 23:57
260,180,7%,10/28/19 4:53
261,181,85%,6/4/19 22:40
263,182,73%,2/4/20 20:12
264,183,20%,9/10/19 4:06
266,184,2%,3/3/19 22:55
267,185,2%,3/13/20 20:46
268,186,4%,2/20/20 16:07
269,187,85%,2/19/20 22:20
269,188,4%,8/29/18 7:04
270,189,31%,4/2/20 15:29
271,190,35%,3/30/20 19:43
273,191,2%,10/25/19 16:03
274,192,11%,12/29/19 16:46
275,193,84%,8/25/19 16:44
276,194,38%,11/15/19 16:23
281,195,25%,8/30/19 5:52
282,196,100%,2/18/20 15:50
283,197,80%,3/26/20 21:53
284,198,2%,3/8/19 21:04
288,199,100%,9/15/19 0:30
289,200,89%,9/20/19 19:43
290,201,49%,7/26/19 19:54
292,202,16%,1/7/20 22:16
293,203,96%,3/3/20 18:36
294,204,2%,9/17/18 3:47
296,205,100%,1/3/20 17:40
297,206,78%,11/20/18 4:13
4,5,5%,7/5/18 2:08
10,5,3%,12/4/19 16:33
12,5,87%,3/23/19 4:36
14,5,1%,2/19/20 22:40
21,5,6%,12/19/19 16:29
40,5,87%,3/3/20 18:13
42,5,16%,12/20/19 19:03
45,5,88%,6/1/19 5:35
57,5,5%,11/13/19 17:59
60,5,98%,11/16/19 12:18
60,5,1%,6/7/19 5:28
61,5,74%,6/16/19 5:01
62,5,2%,7/4/18 1:42
67,5,98%,3/24/20 23:48
67,5,1%,2/8/19 1:53
70,5,13%,1/7/20 6:03
73,5,10%,3/27/20 6:03
76,5,15%,5/14/19 7:17
79,5,2%,8/28/19 21:32
81,5,1%,7/3/18 8:06
83,5,12%,7/12/19 6:24
85,5,70%,2/28/20 10:43
101,5,2%,1/8/19 1:30
102,5,2%,10/12/18 16:57
103,5,11%,3/20/20 13:06
104,5,98%,1/20/20 4:14
107,5,87%,4/14/19 15:19
111,5,7%,1/17/20 21:27
112,5,1%,1/21/20 22:36
117,5,2%,12/14/18 6:03
123,5,87%,3/31/19 1:06
126,5,95%,10/18/19 13:35
128,5,4%,1/14/20 0:04
133,5,5%,10/2/19 0:05
133,5,88%,7/8/19 12:26
134,5,67%,7/19/18 0:16
144,5,1%,12/19/19 20:13
148,5,87%,4/12/19 6:42
149,5,1%,10/12/18 16:45
151,5,70%,1/8/20 2:38
151,5,1%,10/3/19 2:41
158,5,87%,2/15/20 6:44
166,5,2%,10/11/18 11:57
167,5,33%,3/9/20 5:44
173,5,1%,8/29/19 17:43
175,5,1%,7/16/19 17:44
186,5,2%,11/27/19 23:02
191,5,99%,3/20/20 3:39
192,5,88%,7/7/19 10:38
192,5,13%,2/28/19 4:31
193,5,46%,2/10/20 22:38
196,5,57%,8/30/19 6:51
197,5,9%,11/8/19 5:00
202,5,73%,2/26/20 20:04
204,5,17%,1/27/19 10:05
204,5,88%,6/28/19 2:03
205,5,18%,1/30/20 5:07
206,5,4%,11/27/19 15:30
207,5,1%,1/24/19 21:02
209,5,71%,2/25/19 2:17
216,5,2%,3/31/20 10:05
223,5,54%,11/22/19 7:40
224,5,68%,2/11/20 2:24
226,5,61%,2/18/20 4:28
235,5,12%,10/2/19 9:47
238,5,2%,11/5/18 17:18
243,5,84%,11/18/19 6:24
254,5,5%,9/28/18 0:26
256,5,88%,10/24/19 1:13
258,5,80%,3/5/19 21:18
260,5,2%,10/28/19 4:16
261,5,2%,4/3/19 7:09
262,5,39%,1/24/20 5:56
264,5,88%,6/8/19 12:58
266,5,3%,7/23/18 6:32
269,5,3%,11/7/18 4:28
276,5,2%,10/22/19 9:22
277,5,52%,2/14/20 5:28
282,5,1%,3/16/20 21:07
286,5,94%,10/16/19 19:37
294,5,88%,8/7/19 22:43
4,11,8%,1/24/18 6:39
10,11,2%,4/2/19 19:49
12,11,8%,9/26/18 0:09
23,11,2%,3/15/18 9:16
42,11,30%,2/27/19 21:10
61,11,5%,5/6/19 12:04
64,11,3%,1/1/70 0:00
71,11,2%,5/21/19 1:29
81,11,3%,8/9/18 10:18
134,11,5%,7/18/18 6:16
207,11,100%,3/7/19 0:09
218,11,6%,1/1/70 0:00
223,11,2%,2/27/18 3:14
235,11,62%,7/9/18 7:45
238,11,5%,1/1/70 0:00
245,11,54%,12/28/17 4:36
254,11,8%,10/4/18 17:27
261,11,2%,4/3/19 3:48
4,11,1%,1/29/20 8:28
12,11,1%,1/29/20 8:28
16,11,2%,4/18/19 7:16
42,11,99%,6/25/19 7:36
59,11,28%,3/11/20 13:14
71,11,4%,12/10/19 3:31
88,11,1%,3/31/20 22:12
128,11,10%,1/30/20 22:56
141,11,1%,3/10/20 22:19
207,11,1%,3/2/20 0:09
207,11,33%,2/19/20 23:37
224,11,1%,1/30/20 6:51
268,11,2%,1/21/20 16:29
10,12,6%,3/25/19 21:54
12,12,13%,1/23/20 23:49
35,12,2%,1/10/20 20:22
42,12,92%,3/30/20 15:06
51,12,6%,11/26/19 10:08
59,12,47%,12/20/19 3:45
61,12,23%,11/5/19 23:17
64,12,6%,5/10/19 20:11
68,12,8%,1/19/20 23:34
70,12,1%,5/31/19 6:06
71,12,12%,10/9/19 22:33
76,12,3%,3/22/19 1:05
85,12,56%,12/7/19 22:38
103,12,22%,1/7/20 2:17
104,12,1%,8/16/19 5:22
112,12,1%,8/20/19 4:34
118,12,3%,7/1/19 1:42
127,12,2%,4/17/19 15:07
128,12,1%,10/4/19 4:58
128,12,3%,7/12/19 5:41
133,12,1%,9/25/19 1:49
139,12,3%,7/22/19 21:17
141,12,1%,3/31/20 23:59
144,12,7%,7/15/19 5:49
155,12,6%,6/6/19 6:03
160,12,1%,7/4/19 0:20
169,12,87%,2/14/20 14:28
174,12,1%,3/25/19 13:24
175,12,2%,7/15/19 22:12
182,12,2%,6/27/19 1:56
183,12,1%,3/25/19 16:06
193,12,3%,4/10/19 11:17
195,12,5%,3/31/20 20:53
205,12,21%,3/4/20 0:51
209,12,58%,5/17/19 3:02
224,12,3%,10/11/19 4:30
226,12,1%,2/6/20 22:26
234,12,2%,9/5/19 16:42
235,12,3%,10/11/19 14:06
243,12,2%,4/9/19 0:12
250,12,1%,8/16/19 19:13
254,12,41%,2/10/20 16:56
262,12,8%,4/16/19 12:31
276,12,2%,10/22/19 9:18
277,12,7%,12/13/19 5:41
280,12,81%,7/13/19 11:26
4,13,3%,1/1/70 0:00
12,13,4%,5/29/18 6:53
21,13,3%,12/16/19 19:45
40,13,2%,2/25/20 17:15
48,13,4%,3/5/18 13:11
61,13,3%,6/7/18 3:29
64,13,3%,3/14/18 15:44
66,13,72%,8/11/19 22:38
72,13,1%,11/11/19 3:27
85,13,94%,4/2/20 12:11
88,13,1%,3/30/20 14:36
101,13,34%,1/1/70 0:00
118,13,5%,3/27/19 5:02
119,13,1%,6/12/18 1:18
123,13,3%,1/2/19 2:32
128,13,2%,11/20/19 1:05
134,13,95%,8/8/19 0:02
166,13,3%,7/10/18 10:51
186,13,13%,4/23/19 6:38
205,13,7%,3/4/20 4:37
206,13,58%,2/27/20 8:18
207,13,11%,2/26/18 8:19
223,13,4%,9/28/18 20:42
223,13,1%,1/1/70 0:00
224,13,4%,3/2/20 6:49
226,13,4%,1/24/20 0:53
235,13,32%,4/2/20 14:30
245,13,47%,2/28/18 15:24
260,13,1%,7/17/19 6:58
4,17,7%,2/14/19 22:10
12,17,96%,3/25/19 6:53
13,17,28%,1/1/70 0:00
13,17,13%,2/15/19 17:40
23,17,6%,2/27/18 22:48
43,17,14%,4/29/19 12:07
48,17,26%,12/14/17 15:47
60,17,9%,9/14/18 5:29
61,17,26%,10/10/19 5:06
64,17,9%,9/20/18 20:41
66,17,9%,3/1/19 4:36
70,17,6%,9/14/18 21:58
72,17,12%,3/5/19 19:46
75,17,1%,12/18/18 14:43
76,17,21%,3/26/19 2:30
81,17,7%,5/21/18 15:12
85,17,5%,2/4/19 13:19
101,17,13%,10/10/18 13:08
102,17,6%,1/1/70 0:00
111,17,85%,3/5/19 16:34
116,17,20%,1/1/70 0:00
118,17,48%,11/22/18 5:11
123,17,83%,1/1/70 0:00
127,17,1%,2/15/19 19:47
128,17,2%,2/16/20 22:47
134,17,1%,12/21/18 1:57
148,17,2%,10/25/18 3:11
149,17,80%,8/19/19 20:27
151,17,1%,11/7/18 3:21
154,17,4%,2/4/19 5:42
155,17,43%,4/5/19 4:47
156,17,1%,11/6/18 19:29
162,17,2%,1/2/19 16:57
166,17,39%,1/29/19 10:52
181,17,2%,4/16/18 22:50
193,17,1%,2/11/19 20:19
196,17,3%,1/17/19 0:34
200,17,1%,6/1/18 16:29
207,17,1%,10/17/18 11:12
209,17,75%,2/26/19 6:05
223,17,32%,3/1/19 5:35
224,17,1%,1/24/20 0:44
226,17,3%,5/30/19 4:48
228,17,1%,9/13/18 20:37
235,17,62%,2/12/19 10:19
235,17,2%,1/1/70 0:00
238,17,19%,2/24/19 23:33
238,17,28%,1/19/18 3:28
238,17,5%,1/19/18 12:22
239,17,12%,3/22/19 5:37
245,17,70%,1/19/18 14:17
254,17,1%,9/6/18 5:04
266,17,2%,10/16/18 1:35
269,17,43%,2/19/19 0:44
289,17,17%,12/17/18 16:36
4,18,9%,3/25/18 23:47
12,18,3%,2/18/18 23:45
13,18,4%,1/1/70 0:00
48,18,24%,1/1/70 0:00
64,18,12%,1/1/70 0:00
76,18,1%,10/17/18 5:32
85,18,18%,12/20/18 14:11
101,18,7%,1/1/70 0:00
118,18,29%,8/3/18 3:45
134,18,3%,2/18/18 23:52
181,18,3%,1/1/70 0:00
207,18,99%,1/1/70 0:00
218,18,13%,1/1/70 0:00
223,18,10%,1/15/18 5:41
235,18,31%,5/1/18 11:36
238,18,1%,1/1/70 0:00
238,18,6%,1/1/70 0:00
245,18,99%,1/1/70 0:00
254,18,29%,12/3/18 21:06
12,18,2%,2/19/19 6:12
42,18,27%,4/5/19 19:23
45,18,1%,6/19/19 3:50
48,18,1%,8/28/19 13:15
61,18,6%,1/23/20 9:17
70,18,2%,5/31/19 6:14
71,18,3%,1/24/20 2:56
76,18,5%,9/24/19 0:56
85,18,53%,11/19/18 20:56
101,18,1%,3/10/20 20:55
118,18,2%,11/19/18 0:36
127,18,1%,4/17/19 15:15
128,18,1%,9/12/19 3:56
133,18,1%,2/9/20 9:32
133,18,2%,10/2/19 0:08
134,18,5%,5/18/19 12:58
140,18,1%,1/17/20 17:22
142,18,1%,9/6/19 16:07
160,18,1%,7/17/19 3:41
193,18,8%,5/10/19 15:59
202,18,18%,3/22/20 8:10
205,18,5%,1/16/20 5:22
207,18,2%,2/26/19 3:35
209,18,73%,2/25/19 6:41
223,18,16%,4/28/19 6:58
224,18,19%,3/2/20 6:56
226,18,82%,7/26/19 7:25
238,18,5%,11/5/18 17:51
254,18,60%,1/2/20 17:41
258,18,1%,12/5/19 6:48
266,18,76%,4/1/20 10:53
268,18,2%,3/2/20 15:51
269,18,1%,9/12/19 4:09
280,18,1%,7/15/19 6:38
0,17,20%,1/11/20 0:16
4,17,73%,11/29/19 2:47
10,17,20%,2/24/20 22:12
12,17,36%,1/15/20 1:18
13,17,8%,9/25/19 13:40
14,17,2%,11/13/19 20:21
21,17,24%,2/13/20 20:48
31,17,1%,1/6/20 16:33
37,17,3%,1/17/20 20:32
38,17,15%,1/31/20 4:41
40,17,2%,7/29/19 14:42
42,17,1%,4/11/19 12:39
43,17,2%,6/8/19 1:01
45,17,30%,10/28/19 0:41
48,17,4%,1/22/20 15:17
57,17,8%,3/9/20 9:29
60,17,1%,7/7/19 2:53
60,17,6%,6/7/19 5:27
61,17,13%,1/16/20 0:31
64,17,1%,4/22/19 21:16
66,17,82%,4/23/19 21:03
71,17,28%,3/27/20 4:43
72,17,1%,10/13/19 22:06
75,17,2%,5/2/19 18:41
76,17,73%,7/30/19 3:32
78,17,10%,1/22/20 2:32
81,17,5%,1/16/20 15:29
83,17,3%,10/7/19 4:48
85,17,5%,11/12/19 23:35
88,17,1%,4/1/20 19:02
89,17,1%,9/5/19 23:45
101,17,5%,3/27/19 4:46
102,17,2%,5/3/19 14:32
104,17,11%,8/28/19 7:45
106,17,21%,2/27/20 0:24
111,17,39%,5/29/19 21:08
112,17,6%,9/4/19 6:37
113,17,2%,3/26/20 16:57
117,17,42%,12/2/19 23:39
118,17,83%,7/31/19 1:27
120,17,1%,12/15/19 20:26
123,17,3%,8/13/19 7:25
127,17,3%,1/22/20 20:58
128,17,35%,3/23/20 9:18
128,17,1%,10/3/19 4:43
133,17,5%,7/26/19 6:42
136,17,5%,3/31/20 18:37
137,17,8%,7/26/19 20:52
140,17,1%,4/22/19 18:11
141,17,3%,3/10/20 20:34
142,17,35%,4/1/20 17:54
144,17,82%,12/12/19 20:01
149,17,2%,8/26/19 14:22
154,17,3%,3/22/19 6:03
155,17,43%,10/11/19 5:06
158,17,3%,8/14/19 7:03
160,17,1%,10/3/19 2:17
166,17,3%,5/22/19 9:30
168,17,5%,10/21/19 20:11
169,17,1%,3/23/20 14:27
170,17,10%,2/23/20 22:27
172,17,3%,12/17/19 15:21
175,17,1%,4/16/19 20:57
176,17,31%,3/23/20 21:10
183,17,3%,7/19/19 19:33
192,17,4%,10/28/19 1:22
193,17,1%,7/18/19 14:10
195,17,18%,3/31/20 21:03
204,17,25%,6/17/19 11:46
205,17,15%,3/2/20 23:30
206,17,85%,3/30/20 14:22
209,17,7%,5/9/19 5:59
221,17,1%,1/28/20 20:01
222,17,8%,1/21/20 9:00
223,17,83%,5/24/19 8:31
224,17,25%,3/23/20 0:52
226,17,67%,3/30/20 3:26
232,17,1%,4/1/20 4:31
233,17,4%,1/31/20 21:06
234,17,1%,3/25/19 21:35
235,17,32%,3/27/20 13:38
239,17,19%,5/31/19 6:14
250,17,1%,1/28/20 16:42
255,17,38%,12/21/19 5:15
256,17,9%,10/23/19 22:44
260,17,5%,7/16/19 22:56
261,17,1%,7/26/19 6:18
264,17,3%,11/15/19 2:05
265,17,10%,3/8/20 15:27
272,17,3%,1/2/20 17:54
274,17,41%,12/22/19 21:23
275,17,75%,3/31/20 3:28
282,17,7%,3/27/20 14:46
297,17,30%,1/27/20 22:18
4,19,2%,5/17/19 3:50
12,19,81%,8/22/19 10:09
40,19,1%,2/25/20 17:18
42,19,81%,12/28/18 14:30
57,19,3%,10/23/19 13:55
66,19,19%,6/24/19 21:05
67,19,2%,2/3/19 22:39
76,19,5%,7/30/19 3:25
85,19,34%,1/28/20 9:57
101,19,1%,5/14/19 5:48
112,19,2%,8/22/19 6:35
118,19,5%,12/17/19 2:47
128,19,63%,1/14/20 2:27
128,19,2%,10/23/19 5:15
128,19,8%,10/2/19 22:57
134,19,81%,6/29/19 7:15
154,19,1%,2/14/19 7:15
193,19,95%,1/2/20 15:48
195,19,18%,2/10/20 23:07
205,19,18%,1/24/20 5:08
206,19,8%,11/21/19 11:02
207,19,2%,4/4/19 4:27
209,19,69%,2/25/19 4:31
223,19,7%,12/1/19 23:21
224,19,14%,2/14/20 3:23
224,19,5%,12/18/19 1:31
226,19,12%,2/3/20 5:48
234,19,2%,3/19/19 16:28
235,19,17%,11/18/19 14:55
238,19,2%,11/5/18 17:28
243,19,1%,4/7/19 23:58
245,19,2%,1/5/20 4:47
258,19,4%,3/29/19 5:01
260,19,1%,10/28/19 0:46
266,19,8%,3/22/19 5:52
4,15,7%,1/1/70 0:00
11,15,7%,1/8/20 15:46
42,15,4%,10/3/18 14:09
61,15,4%,5/18/18 1:35
71,15,7%,12/11/19 4:46
205,15,14%,1/16/20 22:14
207,15,11%,1/1/70 0:00
224,15,21%,2/14/20 0:35
238,15,11%,1/1/70 0:00
4,16,39%,1/1/70 0:00
12,16,4%,1/29/18 3:41
48,16,13%,1/1/70 0:00
61,16,4%,8/15/19 0:26
64,16,9%,1/1/70 0:00
70,16,4%,1/17/19 0:54
72,16,4%,1/11/18 2:31
76,16,9%,2/7/19 5:26
111,16,100%,3/7/19 22:38
123,16,48%,1/1/70 0:00
182,16,39%,3/11/20 3:42
192,16,100%,1/24/19 22:54
206,16,100%,1/27/20 14:13
218,16,74%,4/29/18 1:53
224,16,9%,11/21/19 2:45
238,16,83%,1/1/70 0:00
245,16,9%,3/8/18 3:54
290,16,4%,1/15/19 15:23
4,20,7%,6/5/18 4:01
23,20,2%,1/1/70 0:00
40,20,26%,2/13/19 8:59
61,20,10%,2/11/19 9:36
70,20,17%,10/31/18 4:19
71,20,2%,12/11/19 5:02
101,20,3%,4/23/18 2:47
118,20,3%,6/12/18 0:24
123,20,34%,1/1/70 0:00
134,20,6%,1/1/70 0:00
151,20,2%,9/9/18 10:47
170,20,1%,1/9/20 22:05
192,20,1%,2/3/19 9:15
205,20,1%,9/16/19 5:53
224,20,1%,8/27/19 23:23
238,20,14%,1/1/70 0:00
245,20,4%,7/21/18 19:24
256,20,40%,8/16/19 5:44
262,20,22%,11/10/18 9:55
266,20,7%,8/5/18 22:40
269,20,5%,7/6/18 0:33
294,20,1%,9/1/19 22:50
4,21,3%,1/1/70 0:00
70,21,4%,9/9/19 1:47
101,21,1%,1/1/70 0:00
112,21,1%,10/8/19 23:18
134,21,34%,1/1/70 0:00
223,21,20%,12/23/19 21:54
224,21,1%,9/30/19 1:12
226,21,1%,2/3/20 1:03
238,21,14%,1/1/70 0:00
238,21,48%,1/19/18 11:25
280,21,27%,6/28/19 23:18
12,23,11%,7/25/19 11:58
42,23,11%,5/31/19 19:18
43,23,94%,6/4/19 22:49
56,23,94%,5/31/19 17:16
64,23,83%,7/24/19 23:30
72,23,94%,6/3/19 23:45
116,23,28%,5/31/19 20:38
138,23,50%,6/7/19 20:18
142,23,67%,7/9/19 16:51
143,23,6%,5/31/19 20:41
183,23,6%,6/14/19 20:26
189,23,94%,6/9/19 23:58
211,23,50%,1/16/20 19:48
225,23,61%,6/9/19 16:38
238,23,6%,5/29/19 4:00
4,26,19%,6/8/18 7:09
12,26,59%,6/1/18 6:54
23,26,4%,1/1/70 0:00
40,26,100%,2/20/19 18:15
48,26,4%,5/30/18 14:08
61,26,4%,1/1/70 0:00
70,26,30%,10/24/18 0:29
80,26,100%,12/20/19 17:33
111,26,81%,11/6/19 19:34
112,26,11%,2/27/20 1:06
118,26,11%,6/12/18 7:01
128,26,100%,2/18/20 4:01
167,26,7%,11/20/19 3:24
192,26,81%,10/24/18 4:58
204,26,70%,2/21/20 4:17
205,26,11%,1/16/20 4:41
207,26,22%,1/13/19 23:58
223,26,41%,1/1/70 0:00
224,26,4%,1/14/20 6:01
226,26,4%,3/3/20 23:58
235,26,22%,1/1/70 0:00
245,26,11%,1/1/70 0:00
266,26,4%,6/1/18 6:48
12,65,9%,1/30/19 7:39
61,65,63%,6/11/19 2:09
71,65,3%,12/11/19 5:29
134,65,97%,10/8/18 5:56
148,65,17%,10/25/18 6:58
134,31,5%,6/17/19 1:47
213,31,9%,1/1/70 0:00
223,31,9%,1/17/18 0:24
235,31,9%,1/1/70 0:00
238,31,5%,1/1/70 0:00
10,31,27%,1/10/20 17:57
16,31,8%,12/20/19 4:28
71,31,3%,2/27/20 22:49
77,31,2%,1/15/20 15:22
13,40,12%,8/28/19 9:52
16,40,4%,6/3/19 1:00
79,40,2%,9/19/19 13:45
102,40,2%,6/7/19 15:27
112,40,2%,5/28/19 1:29
118,40,2%,9/25/19 4:56
140,40,2%,5/1/19 19:42
154,40,40%,6/3/19 23:23
205,40,4%,9/30/19 3:42
223,40,19%,5/8/19 23:23
226,40,13%,8/7/19 1:10
0,40,9%,1/19/20 15:41
16,40,1%,10/22/19 3:31
21,40,1%,3/10/20 13:19
33,40,1%,2/18/20 19:35
39,40,7%,3/31/20 18:23
52,40,1%,2/28/20 2:01
58,40,4%,2/1/20 1:58
61,40,4%,11/8/19 5:12
63,40,3%,1/23/20 5:18
79,40,1%,11/18/19 14:23
112,40,1%,10/10/19 5:02
118,40,1%,10/10/19 5:09
128,40,3%,1/13/20 21:19
140,40,1%,11/5/19 17:23
154,40,2%,9/20/19 1:16
186,40,1%,9/20/19 0:41
205,40,16%,1/15/20 23:47
222,40,4%,3/6/20 8:25
226,40,49%,2/17/20 1:35
12,36,2%,9/30/19 4:46
40,36,1%,4/8/19 20:40
52,36,100%,2/23/20 18:17
63,36,13%,2/3/20 17:09
76,36,1%,6/27/19 3:32
83,36,3%,11/9/19 5:05
128,36,2%,8/12/19 7:20
186,36,8%,10/7/19 2:26
205,36,33%,1/15/20 3:10
206,36,6%,11/19/19 10:51
209,36,1%,8/19/19 3:57
223,36,1%,11/20/19 3:19
224,36,2%,6/25/19 0:00
226,36,1%,2/6/20 3:51
258,36,3%,12/3/19 1:21
16,37,4%,4/24/19 5:31
101,37,3%,7/4/19 4:13
106,37,1%,11/12/19 16:42
109,37,4%,3/25/20 6:47
144,37,2%,11/8/19 18:30
186,37,4%,4/24/19 5:06
205,37,4%,1/15/20 0:52
226,37,3%,8/15/19 21:31
0,38,11%,2/11/20 2:54
57,38,3%,11/6/19 15:02
109,38,8%,4/2/20 0:21
149,38,3%,11/6/19 16:29
154,38,3%,11/5/19 5:21
205,38,21%,12/13/19 6:09
208,38,1%,10/31/19 9:22
224,38,1%,2/10/20 0:44
224,38,1%,12/11/19 0:03
226,38,11%,3/25/20 5:56
239,38,1%,12/10/19 21:08
269,38,1%,12/11/19 0:33
0,39,100%,1/20/20 7:14
4,39,82%,11/25/19 5:53
6,39,100%,3/6/20 16:12
10,39,2%,12/26/19 15:18
12,39,18%,1/27/20 6:33
14,39,3%,12/9/19 21:36
16,39,44%,1/31/20 5:27
37,39,23%,1/31/20 21:43
40,39,20%,3/27/20 23:42
52,39,54%,1/28/20 13:13
61,39,2%,11/20/19 8:42
63,39,3%,2/13/20 21:36
64,39,79%,11/29/19 19:21
66,39,20%,1/20/20 20:41
71,39,17%,2/7/20 5:16
76,39,18%,11/22/19 5:41
78,39,33%,3/22/20 14:52
79,39,1%,12/12/19 20:37
82,39,100%,3/2/20 23:10
84,39,18%,3/18/20 15:41
85,39,39%,3/27/20 17:01
89,39,7%,3/23/20 6:31
106,39,1%,2/18/20 16:01
109,39,8%,3/10/20 1:51
111,39,98%,2/26/20 20:14
112,39,9%,1/24/20 5:03
118,39,97%,3/2/20 3:54
121,39,1%,3/10/20 21:35
123,39,8%,1/20/20 7:11
124,39,98%,3/27/20 23:29
128,39,18%,2/14/20 5:19
133,39,3%,2/11/20 10:57
139,39,85%,11/11/19 0:12
140,39,11%,2/28/20 20:42
141,39,18%,3/10/20 0:16
154,39,11%,3/26/20 1:09
155,39,57%,2/21/20 5:34
159,39,3%,11/3/19 23:54
160,39,26%,1/20/20 4:55
162,39,12%,3/6/20 21:36
182,39,8%,2/20/20 3:53
183,39,5%,1/23/20 16:08
186,39,28%,2/14/20 5:17
193,39,83%,3/22/20 17:12
198,39,13%,4/1/20 17:00
205,39,57%,3/4/20 4:43
206,39,20%,12/4/19 16:55
208,39,2%,12/8/19 12:32
210,39,100%,3/6/20 21:50
211,39,44%,3/20/20 22:23
212,39,1%,1/27/20 23:07
222,39,100%,2/5/20 7:34
223,39,3%,1/9/20 17:10
224,39,38%,2/11/20 4:32
224,39,77%,11/7/19 5:48
226,39,85%,11/7/19 22:43
231,39,100%,2/29/20 15:10
233,39,15%,12/6/19 21:36
238,39,1%,1/18/20 22:17
244,39,99%,3/14/20 0:41
248,39,3%,12/13/19 5:50
261,39,3%,1/23/20 5:39
275,39,99%,1/25/20 22:17
276,39,3%,1/14/20 11:54
281,39,3%,11/8/19 4:51
282,39,38%,2/21/20 20:13
4,44,2%,8/22/19 22:05
5,44,5%,7/11/19 15:47
12,44,2%,1/24/19 5:32
61,44,5%,1/24/19 6:50
76,44,3%,1/24/19 5:45
224,44,5%,10/8/19 2:35
297,44,6%,3/13/20 19:34
4,45,29%,8/8/18 4:09
10,45,29%,3/3/20 16:31
11,45,14%,1/8/20 15:18
12,45,57%,11/15/18 20:53
61,45,14%,3/28/18 4:53
66,45,100%,2/14/19 11:33
70,45,29%,3/2/20 6:16
72,45,29%,10/18/18 20:09
103,45,14%,9/12/19 5:55
111,45,100%,1/28/19 21:26
123,45,100%,2/27/19 6:07
133,45,14%,9/25/19 1:58
134,45,14%,2/7/18 23:20
137,45,71%,10/11/19 22:35
138,45,29%,4/15/19 19:32
142,45,29%,4/26/19 21:18
171,45,14%,1/9/20 16:55
178,45,71%,4/2/20 14:05
183,45,14%,4/29/19 14:59
203,45,100%,11/1/19 16:50
204,45,100%,6/4/19 6:15
205,45,86%,1/16/20 2:36
223,45,43%,1/28/18 21:55
224,45,100%,11/21/19 2:32
227,45,100%,12/5/19 19:54
228,45,29%,2/13/19 20:02
240,45,43%,3/7/20 22:06
269,45,14%,2/21/20 3:19
285,45,14%,2/25/20 18:45
297,45,14%,3/22/19 20:25
4,71,7%,1/1/70 0:00
61,71,7%,1/1/70 0:00
64,71,33%,4/27/18 20:41
101,71,87%,1/1/70 0:00
104,71,7%,1/21/20 7:00
123,71,7%,1/1/70 0:00
128,71,20%,3/24/20 7:14
167,71,13%,10/25/19 4:34
205,71,57%,1/23/20 2:12
223,71,3%,1/1/70 0:00
224,71,3%,1/24/20 0:01
226,71,83%,3/16/20 7:24
228,71,97%,4/13/19 22:45
238,71,7%,1/1/70 0:00
4,46,8%,1/1/70 0:00
213,46,1%,1/1/70 0:00
223,46,1%,11/22/19 2:44
238,46,15%,1/1/70 0:00
4,47,5%,1/1/70 0:00
42,47,14%,10/20/18 17:26
48,47,2%,6/11/19 10:27
61,47,7%,1/1/70 0:00
64,47,2%,1/1/70 0:00
134,47,2%,1/1/70 0:00
160,47,2%,2/28/19 3:18
186,47,2%,6/12/19 3:45
211,47,5%,12/17/19 21:54
224,47,2%,3/3/20 0:41
238,47,10%,1/1/70 0:00
245,47,2%,10/17/18 2:28
256,47,2%,2/9/19 9:53
280,47,62%,6/28/19 7:47
297,47,2%,1/9/19 15:36
4,35,79%,1/1/70 0:00
71,35,3%,12/11/19 5:07
76,35,3%,10/9/19 6:23
128,35,3%,3/2/20 0:08
181,35,3%,1/14/20 19:49
223,35,12%,2/20/18 1:13
224,35,3%,3/2/20 8:49
238,35,6%,2/20/18 1:09
16,41,19%,3/5/19 5:26
186,41,6%,4/4/19 1:24
12,22,23%,8/27/19 9:34
61,22,62%,10/18/19 6:08
118,22,5%,8/28/19 1:51
205,22,8%,10/6/19 23:47
206,22,31%,3/11/20 16:24
4,50,15%,2/21/20 5:03
12,50,42%,2/7/20 6:27
13,50,3%,11/6/18 15:56
45,50,1%,8/17/19 2:42
48,50,1%,6/24/19 13:16
61,50,31%,10/24/18 9:08
66,50,24%,3/27/20 5:44
71,50,3%,5/21/19 9:09
76,50,74%,9/5/19 23:52
78,50,1%,3/17/20 19:13
83,50,3%,8/30/19 5:38
85,50,73%,4/30/19 16:31
111,50,13%,8/9/19 20:39
112,50,1%,1/24/20 4:58
118,50,3%,3/4/19 5:21
128,50,26%,1/31/20 3:07
130,50,3%,3/30/20 20:08
134,50,73%,4/3/19 9:52
139,50,78%,9/11/19 16:46
140,50,3%,9/6/19 16:20
148,50,4%,4/26/19 5:34
154,50,1%,8/15/18 10:14
159,50,99%,12/11/19 3:57
160,50,6%,10/25/19 5:33
172,50,3%,12/17/19 15:16
173,50,1%,2/10/20 17:53
174,50,1%,5/16/19 16:52
175,50,26%,9/27/19 20:52
180,50,3%,3/30/20 20:36
181,50,19%,9/6/19 23:47
182,50,1%,12/6/19 4:20
193,50,6%,3/7/19 13:27
204,50,13%,11/24/19 22:38
205,50,44%,2/26/20 3:38
206,50,9%,10/25/19 14:52
223,50,3%,12/20/18 5:14
224,50,100%,11/25/19 0:23
224,50,8%,8/2/19 6:46
234,50,5%,3/21/19 16:32
238,50,1%,11/15/18 19:57
243,50,1%,1/23/19 0:54
245,50,15%,12/16/19 4:36
250,50,3%,8/16/19 19:24
254,50,1%,7/21/18 15:17
262,50,1%,10/11/19 5:06
266,50,1%,10/10/18 23:41
268,50,1%,2/3/20 17:35
269,50,5%,8/2/18 7:20
275,50,100%,12/13/19 21:52
276,50,6%,10/2/19 15:25
280,50,27%,5/23/19 4:33
291,50,8%,12/19/19 16:42
297,50,1%,2/15/19 20:38
12,50,2%,6/27/19 1:41
48,50,2%,8/29/19 14:45
56,50,2%,2/18/20 19:39
71,50,3%,5/21/19 9:03
118,50,10%,7/1/19 1:09
134,50,2%,4/23/19 5:59
139,50,28%,8/12/19 18:08
159,50,100%,12/11/19 23:07
205,50,21%,3/4/20 4:26
224,50,72%,3/20/20 5:18
254,50,31%,12/19/19 21:08
276,50,67%,10/25/19 14:34
61,52,8%,11/19/19 12:28
118,52,6%,11/20/19 0:47
128,52,24%,3/23/20 7:47
139,52,59%,4/1/20 19:57
154,52,2%,11/18/19 3:58
159,52,45%,3/25/20 23:29
205,52,16%,3/4/20 4:44
209,52,2%,2/14/20 2:30
12,53,3%,2/14/20 2:56
61,53,1%,11/19/19 12:33
71,53,1%,2/11/20 23:12
76,53,2%,2/14/20 1:32
118,53,3%,3/11/20 4:17
139,53,9%,11/18/19 2:03
154,53,1%,11/22/19 21:07
159,53,30%,3/10/20 4:33
205,53,6%,3/4/20 4:28
209,53,1%,2/14/20 1:30
223,53,1%,1/6/20 20:54
224,53,13%,3/13/20 4:31
224,53,2%,1/17/20 4:42
254,53,1%,1/27/20 21:20
269,53,1%,11/27/19 3:30
276,53,91%,4/2/20 9:27
280,53,12%,11/14/19 21:57
282,53,3%,11/19/19 14:04
42,54,2%,10/14/19 15:19
61,54,15%,10/31/19 5:08
71,54,15%,2/27/20 22:48
118,54,4%,11/4/19 0:14
128,54,20%,1/31/20 3:08
159,54,96%,12/11/19 23:44
180,54,57%,4/2/20 16:49
206,54,13%,12/17/19 9:43
276,54,100%,10/11/19 9:36
282,54,2%,10/25/19 19:56
12,29,10%,4/4/18 1:56
40,29,75%,1/23/19 17:01
48,29,5%,3/28/18 14:11
61,29,5%,5/4/18 11:34
68,29,5%,1/15/20 22:39
70,29,5%,5/31/19 6:11
83,29,50%,8/16/19 6:49
118,29,5%,4/4/18 2:59
169,29,10%,3/4/20 12:39
199,29,55%,4/2/20 14:18
223,29,15%,4/4/18 1:56
245,29,55%,5/11/18 2:26
269,29,5%,4/20/18 3:02
297,29,45%,12/18/18 19:09
4,56,42%,1/1/70 0:00
5,56,8%,12/3/19 22:20
12,56,8%,5/17/18 4:56
40,56,75%,4/8/19 20:38
42,56,8%,10/3/18 18:06
48,56,17%,1/1/70 0:00
57,56,17%,11/13/19 18:18
64,56,8%,3/20/18 17:45
70,56,100%,12/17/18 0:33
101,56,8%,5/7/18 4:08
104,56,17%,8/16/19 5:26
118,56,8%,3/28/18 5:05
123,56,17%,1/1/70 0:00
144,56,83%,7/15/19 5:11
166,56,8%,5/30/18 10:37
179,56,17%,11/27/19 17:01
195,56,100%,2/21/20 11:25
223,56,33%,5/17/18 4:38
224,56,17%,9/11/19 3:34
235,56,67%,5/14/18 10:20
277,56,100%,1/24/19 2:13
282,56,100%,2/21/20 23:25
66,28,6%,4/27/19 2:33
70,28,12%,1/16/20 4:32
76,28,18%,12/12/18 3:08
101,28,9%,10/18/19 2:11
111,28,82%,5/17/19 20:23
128,28,6%,9/18/19 23:10
199,28,100%,3/2/20 19:21
205,28,6%,9/23/19 23:20
224,28,65%,7/30/19 9:01
253,28,44%,1/7/20 21:15
269,28,6%,10/8/19 10:41
277,28,6%,11/17/19 0:39
286,28,100%,9/5/19 19:34
12,57,8%,12/21/18 4:49
42,57,87%,1/27/20 8:47
61,57,18%,1/21/19 13:08
70,57,11%,1/22/19 1:26
113,57,5%,3/17/20 18:37
118,57,5%,12/11/18 5:44
128,57,3%,7/21/19 23:21
226,57,8%,1/28/20 4:37
0,24,100%,1/4/20 2:46
1,24,14%,1/29/20 4:10
3,24,100%,6/18/18 3:39
4,24,100%,1/24/18 0:10
8,24,57%,12/12/18 15:23
10,24,100%,3/6/19 22:13
13,24,100%,1/7/19 13:24
14,24,100%,10/21/19 16:17
15,24,43%,10/4/19 0:19
18,24,43%,8/4/18 5:17
20,24,100%,1/3/20 21:28
21,24,14%,12/27/19 14:25
24,24,100%,11/14/19 15:21
33,24,100%,7/3/19 18:40
37,24,100%,11/11/19 20:29
40,24,100%,11/13/19 22:47
42,24,14%,10/3/18 18:03
43,24,100%,11/14/19 15:52
45,24,14%,11/11/19 1:00
51,24,100%,10/17/19 15:25
55,24,100%,6/7/19 19:22
57,24,100%,7/26/19 10:24
61,24,100%,5/30/19 0:26
64,24,43%,1/1/70 0:00
66,24,100%,4/27/19 2:02
67,24,29%,3/18/19 0:37
70,24,86%,1/23/20 0:35
71,24,14%,10/31/19 3:54
72,24,29%,1/15/18 19:48
73,24,71%,2/2/20 3:08
75,24,43%,3/11/19 16:44
76,24,57%,2/5/19 23:37
81,24,43%,1/1/70 0:00
84,24,100%,8/6/19 19:51
100,24,100%,2/26/20 16:26
102,24,57%,8/20/19 4:08
106,24,100%,9/24/19 16:41
111,24,100%,1/16/19 20:10
115,24,71%,12/19/19 16:57
117,24,100%,12/2/18 5:01
118,24,100%,4/6/18 0:46
123,24,100%,2/27/19 6:08
131,24,100%,6/28/19 15:22
138,24,100%,4/15/19 18:50
142,24,100%,3/15/19 20:28
143,24,100%,3/1/19 21:40
145,24,100%,3/23/20 21:10
146,24,100%,9/8/19 5:36
152,24,100%,9/25/19 15:38
155,24,100%,10/6/18 4:32
159,24,100%,10/30/19 5:18
160,24,100%,1/30/19 22:04
162,24,100%,4/2/18 1:44
164,24,86%,3/11/20 16:33
165,24,100%,10/25/19 5:05
166,24,14%,3/8/18 12:22
170,24,71%,9/30/19 18:53
173,24,57%,9/27/19 19:26
179,24,100%,10/22/19 17:56
181,24,43%,9/5/19 16:42
182,24,100%,1/22/19 6:08
183,24,100%,3/15/19 19:52
186,24,71%,3/22/19 6:03
187,24,29%,10/16/19 14:58
188,24,29%,12/3/19 19:59
189,24,100%,4/21/19 16:38
192,24,14%,8/21/19 5:46
193,24,100%,7/3/19 15:53
201,24,100%,2/15/19 21:28
203,24,100%,10/31/19 21:18
204,24,100%,6/4/19 5:53
209,24,14%,7/23/19 4:24
211,24,100%,10/9/19 21:53
214,24,14%,3/10/20 20:24
221,24,43%,1/28/20 19:57
222,24,100%,12/19/19 9:48
223,24,71%,1/1/70 0:00
224,24,100%,11/21/19 1:31
226,24,29%,2/3/20 5:59
233,24,100%,9/24/19 18:52
236,24,100%,9/20/19 21:09
238,24,14%,1/1/70 0:00
240,24,57%,2/7/20 2:55
243,24,14%,2/7/20 3:39
243,24,29%,7/4/19 5:37
249,24,100%,5/22/19 14:49
250,24,57%,12/15/18 0:26
256,24,14%,12/11/19 0:25
260,24,14%,7/24/19 2:55
261,24,100%,5/29/19 4:07
266,24,100%,3/3/19 22:31
268,24,29%,3/3/20 16:47
269,24,100%,10/29/18 2:52
270,24,14%,3/10/20 20:25
275,24,100%,6/5/19 20:21
282,24,100%,10/15/19 14:22
287,24,29%,12/18/19 15:20
288,24,71%,7/19/19 19:55
289,24,100%,4/26/18 19:59
293,24,100%,1/15/20 9:47
297,24,43%,10/2/18 20:58
12,3,3%,12/5/18 23:53
42,3,3%,12/7/18 11:18
169,3,3%,3/23/20 14:16
228,3,100%,12/10/18 17:58
243,3,13%,1/21/20 4:14
279,3,6%,1/1/20 18:45
294,3,26%,12/17/18 22:02
12,14,10%,1/28/19 9:18
40,14,100%,7/18/19 19:15
62,14,3%,6/12/18 2:10
63,14,21%,2/7/20 16:28
68,14,7%,1/30/20 16:11
71,14,3%,12/11/19 5:25
85,14,17%,8/24/18 15:12
103,14,31%,10/19/19 10:26
111,14,100%,4/12/19 20:19
118,14,3%,6/12/18 5:12
128,14,3%,7/18/19 1:05
205,14,10%,7/23/19 22:09
209,14,3%,8/27/19 3:38
224,14,3%,10/2/19 6:50
264,14,90%,8/16/19 6:50
4,14,20%,1/1/70 0:00
61,14,50%,3/28/18 4:53
64,14,10%,1/1/70 0:00
70,14,30%,5/3/18 1:03
181,14,10%,1/1/70 0:00
223,14,30%,1/1/70 0:00
238,14,10%,1/1/70 0:00
3,60,25%,6/18/18 19:05
12,60,6%,10/15/18 5:51
16,60,19%,6/17/19 4:52
52,60,19%,12/17/19 18:24
61,60,94%,1/24/19 21:34
66,60,6%,3/5/19 5:12
70,60,6%,8/6/18 6:53
84,60,100%,8/8/19 15:54
100,60,100%,2/27/20 21:01
120,60,6%,12/14/19 23:32
134,60,100%,5/16/18 6:52
138,60,100%,4/16/19 18:47
152,60,31%,12/12/19 17:33
155,60,100%,10/7/18 8:33
159,60,25%,2/27/20 5:34
162,60,13%,3/8/19 21:08
170,60,6%,1/15/20 14:28
182,60,19%,7/25/19 6:05
195,60,25%,1/28/20 23:12
206,60,6%,10/25/19 13:23
211,60,19%,11/15/19 21:45
223,60,38%,7/18/18 22:58
244,60,13%,12/17/19 19:58
269,60,6%,5/29/18 5:53
278,60,6%,2/27/20 18:33
281,60,13%,11/1/19 5:35
288,60,25%,12/13/19 17:43
12,42,41%,1/29/19 5:17
170,42,3%,1/22/20 16:41
140,61,2%,8/7/19 18:11
155,61,3%,8/6/19 23:54
168,61,5%,11/6/19 15:58
186,61,83%,8/6/19 1:35
245,61,100%,12/25/19 0:26
278,61,22%,2/27/20 21:05
3,58,100%,6/12/18 16:57
4,58,100%,5/30/19 11:00
8,58,100%,12/11/18 17:29
10,58,100%,3/8/19 21:42
12,58,17%,10/24/18 5:30
13,58,100%,4/30/18 12:19
14,58,100%,10/14/19 20:52
15,58,11%,11/18/19 5:38
18,58,100%,7/17/18 10:45
20,58,100%,11/8/19 21:52
21,58,100%,6/24/19 20:11
24,58,100%,11/13/19 17:02
29,58,100%,7/19/19 19:28
33,58,100%,7/2/19 23:22
40,58,100%,11/14/19 18:58
42,58,6%,10/3/18 18:05
43,58,100%,2/21/19 22:47
44,58,94%,1/29/20 20:50
46,58,100%,12/20/19 23:06
48,58,100%,4/30/18 12:03
50,58,100%,1/8/20 20:02
51,58,100%,10/9/19 9:21
53,58,100%,1/7/19 15:19
55,58,100%,6/4/19 16:14
57,58,100%,7/22/19 15:11
60,58,6%,5/30/19 0:15
60,58,33%,9/13/18 4:53
61,58,100%,3/4/20 23:14
64,58,83%,5/6/19 15:52
66,58,100%,4/27/19 2:11
67,58,100%,11/8/18 4:19
70,58,100%,9/4/19 5:39
71,58,100%,5/16/19 5:20
72,58,11%,1/28/20 18:47
75,58,6%,1/29/19 17:23
76,58,17%,2/5/19 23:30
78,58,100%,2/12/20 14:51
79,58,100%,8/30/19 20:54
81,58,6%,4/10/19 12:13
84,58,100%,8/5/19 18:12
85,58,6%,11/14/19 0:36
87,58,100%,2/1/20 19:14
90,58,100%,4/29/18 3:38
100,58,100%,2/25/20 17:39
102,58,44%,5/2/19 15:17
106,58,100%,9/24/19 14:15
111,58,100%,1/16/19 16:59
116,58,100%,4/25/18 3:08
117,58,100%,12/2/18 3:07
118,58,100%,3/27/18 4:55
123,58,6%,10/12/18 0:31
127,58,100%,1/22/19 19:08
128,58,33%,10/30/19 0:46
131,58,100%,6/4/19 16:18
133,58,6%,4/16/19 4:55
138,58,100%,4/12/19 20:41
142,58,100%,2/27/19 21:15
143,58,100%,2/26/19 22:42
145,58,100%,3/23/20 19:06
146,58,100%,9/8/19 2:07
149,58,100%,10/1/18 18:46
152,58,100%,9/17/19 15:52
153,58,17%,3/31/20 16:07
155,58,100%,10/6/18 2:29
159,58,100%,1/3/20 2:34
160,58,100%,1/21/19 22:39
161,58,100%,12/4/19 22:10
162,58,100%,3/26/18 1:19
165,58,100%,11/22/19 5:22
166,58,100%,4/30/18 14:05
170,58,100%,9/24/19 12:59
172,58,100%,5/24/19 20:40
173,58,100%,5/30/19 16:23
174,58,100%,3/1/19 20:30
177,58,6%,3/4/20 12:05
179,58,100%,10/21/19 21:09
182,58,100%,1/21/19 22:35
183,58,100%,6/3/19 21:23
185,58,6%,12/20/19 18:24
186,58,100%,3/21/19 0:41
188,58,100%,12/3/19 19:41
192,58,100%,1/14/19 5:32
194,58,100%,12/5/18 20:03
198,58,100%,1/15/20 16:11
200,58,100%,4/29/18 18:29
201,58,100%,2/15/19 17:23
203,58,100%,10/31/19 18:29
204,58,100%,6/4/19 5:59
205,58,6%,11/6/19 21:42
214,58,100%,3/10/20 20:16
215,58,67%,8/28/18 18:12
217,58,6%,12/18/19 3:37
222,58,100%,1/2/20 3:53
223,58,11%,12/21/17 2:59
224,58,100%,11/21/19 1:33
223,58,67%,11/1/19 20:56
224,58,100%,5/6/19 4:50
225,58,100%,3/15/19 20:29
227,58,100%,12/3/19 15:29
229,58,100%,3/11/20 14:23
233,58,100%,9/23/19 21:38
235,58,17%,3/5/19 15:35
236,58,100%,9/20/19 19:33
238,58,100%,9/3/19 13:41
238,58,56%,2/28/18 1:11
240,58,100%,1/10/20 22:51
243,58,6%,7/20/18 0:21
247,58,100%,5/13/18 10:01
249,58,100%,5/21/19 19:33
250,58,100%,12/4/18 3:07
257,58,100%,1/2/20 21:32
259,58,100%,8/30/19 19:33
266,58,11%,12/17/18 6:20
268,58,100%,11/26/19 14:50
269,58,100%,11/13/19 3:31
270,58,100%,3/10/20 20:19
271,58,100%,3/23/20 18:25
273,58,100%,10/23/19 20:32
275,58,100%,6/3/19 21:39
281,58,100%,11/1/19 5:29
284,58,33%,3/15/19 20:06
288,58,100%,9/4/19 23:56
289,58,100%,4/26/18 20:34
293,58,100%,1/14/20 13:56
295,58,6%,1/16/19 4:17
296,58,100%,2/21/19 21:29
297,58,100%,10/2/18 14:30
3,48,22%,3/27/20 19:45
12,48,28%,1/31/19 8:06
13,48,28%,9/20/19 15:24
33,48,6%,7/19/19 15:24
45,48,33%,8/30/19 10:35
61,48,83%,9/5/19 11:25
62,48,6%,3/23/18 4:03
64,48,17%,12/11/17 17:43
66,48,17%,8/20/19 3:32
67,48,50%,10/18/18 4:41
70,48,11%,10/10/18 0:44
76,48,72%,5/10/19 2:47
81,48,22%,1/1/70 0:00
84,48,100%,9/4/19 19:25
85,48,28%,2/20/19 21:29
100,48,100%,2/27/20 19:13
106,48,28%,10/11/19 20:34
116,48,39%,7/19/19 20:16
128,48,61%,9/16/19 3:44
134,48,72%,12/27/17 23:30
148,48,72%,1/24/19 22:40
149,48,11%,10/1/18 18:56
159,48,100%,12/11/19 4:16
160,48,28%,9/25/19 22:06
166,48,11%,7/12/18 14:01
175,48,67%,3/27/19 19:03
182,48,11%,7/25/19 7:06
186,48,72%,5/15/19 6:39
193,48,72%,3/4/19 12:25
205,48,50%,8/25/19 12:47
223,48,22%,12/11/17 2:03
224,48,100%,11/21/19 2:57
224,48,39%,5/9/19 4:27
226,48,67%,6/17/19 20:21
227,48,50%,12/9/19 16:02
229,48,6%,3/18/20 15:29
245,48,28%,12/14/17 14:44
249,48,11%,5/22/19 18:25
267,48,28%,3/23/20 2:18
275,48,100%,9/6/19 23:02
276,48,100%,10/2/19 13:11
280,48,44%,5/21/19 7:00
282,48,67%,12/23/19 19:39
286,48,33%,2/7/20 20:56
297,48,28%,2/15/19 21:12
16,62,8%,11/21/19 4:02
50,62,15%,1/1/20 23:07
52,62,23%,2/24/20 16:57
61,62,8%,11/26/19 8:42
63,62,38%,2/10/20 17:15
103,62,38%,12/11/19 0:01
128,62,15%,11/25/19 3:27
136,62,4%,3/1/20 13:28
254,62,12%,1/27/20 21:24
276,62,50%,1/10/20 14:35
6,59,49%,4/1/20 19:36
39,59,18%,4/1/20 21:42
42,59,11%,3/31/20 22:57
71,59,2%,4/1/20 0:53
155,59,2%,4/1/20 1:21
211,59,2%,4/1/20 22:13
254,59,2%,3/31/20 22:32
48,43,13%,9/18/18 14:35
61,43,31%,10/19/18 9:49
118,43,3%,10/19/18 4:11
134,43,100%,10/5/18 2:52
190,43,3%,1/3/20 5:04
226,43,3%,8/15/19 21:33
234,43,19%,1/3/19 19:41
12,63,15%,8/19/19 8:35
42,63,33%,7/22/19 16:36
45,63,93%,12/29/19 1:30
49,63,4%,2/27/20 9:36
52,63,11%,4/1/20 17:29
61,63,24%,10/13/19 3:39
76,63,18%,7/26/19 1:04
77,63,2%,1/15/20 14:42
83,63,16%,9/13/19 6:32
85,63,69%,5/3/19 17:19
113,63,2%,3/26/20 16:50
134,63,100%,4/2/19 1:57
139,63,2%,5/13/19 23:41
148,63,4%,2/19/19 0:26
182,63,7%,6/7/19 6:58
192,63,11%,9/6/19 6:17
205,63,29%,2/26/20 3:41
224,63,29%,11/25/19 8:34
238,63,2%,2/28/19 12:35
245,63,100%,10/25/19 17:29
260,63,2%,10/15/19 0:15
266,63,36%,10/8/18 12:12
275,63,11%,9/20/19 20:37
280,63,11%,6/28/19 13:09
286,63,98%,12/6/19 3:47
291,63,15%,12/18/19 15:43
46,64,13%,2/18/20 18:39
49,64,34%,2/27/20 10:13
57,64,16%,3/24/20 16:38
206,64,6%,3/24/20 17:26
226,64,3%,2/21/20 3:27
10,67,2%,11/13/19 17:27
64,67,5%,5/8/18 19:43
144,67,2%,11/8/19 0:50
207,67,20%,4/15/19 3:04
223,67,2%,1/1/70 0:00
224,67,2%,2/4/20 2:15
268,67,2%,1/21/20 14:25
269,67,5%,3/14/18 3:37
4,66,20%,8/30/19 6:13
10,66,6%,2/10/20 22:23
12,66,1%,1/23/18 2:41
61,66,7%,5/28/18 9:23
71,66,8%,2/24/20 22:23
76,66,1%,1/4/19 2:56
128,66,2%,9/5/19 3:32
192,66,1%,1/4/19 1:10
205,66,2%,11/21/19 3:16
207,66,38%,1/15/20 23:57
217,66,1%,2/3/20 16:57
243,66,1%,2/19/20 3:24
260,66,1%,10/28/19 2:26
268,66,1%,1/21/20 14:26
12,34,4%,5/16/19 4:39
42,34,4%,6/7/19 14:58
48,34,4%,5/13/19 14:15
71,34,4%,9/14/19 2:26
86,34,4%,2/5/20 14:07
133,34,4%,5/16/19 11:43
139,34,8%,6/13/19 20:48
140,34,4%,5/16/19 21:46
160,34,4%,10/3/19 3:51
162,34,13%,5/17/19 20:16
224,34,42%,2/6/20 2:48
280,34,33%,5/28/19 0:31
16,68,4%,7/12/19 4:30
40,68,2%,2/25/20 17:19
64,68,2%,7/23/19 15:49
71,68,4%,9/30/19 1:58
144,68,4%,11/6/19 17:38
155,68,5%,7/15/19 5:55
186,68,82%,7/12/19 3:55
224,68,4%,1/29/20 2:20
226,68,4%,9/5/19 5:18
10,69,15%,6/28/19 13:39
12,69,4%,1/1/19 22:20
36,69,7%,12/17/19 20:59
38,69,4%,12/17/19 20:20
61,69,4%,5/4/18 11:39
72,69,7%,2/23/18 4:20
76,69,4%,1/3/19 4:29
85,69,19%,7/1/18 15:58
101,69,89%,1/1/70 0:00
106,69,30%,3/21/20 20:13
111,69,100%,11/6/19 16:40
118,69,7%,1/3/19 5:06
167,69,4%,10/8/19 22:12
204,69,22%,6/7/19 6:22
224,69,15%,12/13/19 6:01
228,69,41%,10/23/18 16:09
231,69,100%,3/27/20 2:33
235,69,19%,4/7/18 12:16
245,69,19%,5/28/18 0:05
282,69,7%,2/28/20 18:25
286,69,11%,9/5/19 19:48
297,69,7%,1/17/19 23:38
61,25,4%,7/11/19 0:10
71,25,2%,9/26/19 0:40
186,25,2%,7/3/19 5:07
205,25,2%,1/16/20 5:42
226,25,4%,2/14/20 1:28
12,70,2%,1/31/18 2:58
64,70,3%,5/8/18 19:18
71,70,5%,8/22/19 0:36
118,70,2%,10/17/18 23:47
205,70,5%,11/17/19 22:47
223,70,2%,1/1/70 0:00
224,70,3%,8/28/19 22:57
230,70,2%,1/27/20 16:55
257,70,2%,1/2/20 21:41
265,70,6%,12/18/19 14:20
4,30,4%,1/1/70 0:00
40,30,6%,1/10/19 17:36
61,30,2%,1/1/70 0:00
64,30,4%,5/8/18 19:25
101,30,2%,11/28/19 4:29
128,30,4%,2/14/20 3:10
206,30,10%,10/29/19 10:13
223,30,2%,5/15/18 7:36
224,30,2%,2/24/20 4:47
226,30,2%,2/3/20 6:01
297,30,4%,5/31/19 20:44
4,32,5%,12/27/17 1:57
40,32,35%,5/10/19 23:36
48,32,2%,2/7/18 10:38
61,32,7%,2/3/19 3:12
66,32,33%,7/22/19 22:00
72,32,7%,2/6/18 2:18
85,32,30%,9/6/18 21:47
91,32,26%,2/2/20 20:06
101,32,5%,5/13/18 1:17
111,32,100%,1/17/20 20:03
116,32,5%,1/1/70 0:00
118,32,5%,4/12/18 1:12
123,32,5%,1/1/70 0:00
128,32,2%,9/13/19 3:12
134,32,86%,6/27/19 1:24
137,32,44%,6/7/19 20:21
139,32,12%,6/13/19 22:08
142,32,2%,5/27/19 0:37
167,32,63%,11/8/19 4:47
192,32,7%,5/7/18 12:59
204,32,5%,7/19/19 5:19
223,32,37%,8/2/19 5:14
224,32,19%,1/24/20 0:30
228,32,19%,1/1/70 0:00
238,32,53%,1/12/18 4:05
245,32,16%,1/1/70 0:00
262,32,5%,9/24/18 17:24
1,33,23%,6/28/19 6:10
12,33,2%,2/28/18 2:34
45,33,28%,4/11/19 3:01
61,33,98%,10/25/18 23:07
73,33,70%,1/20/20 5:24
74,33,5%,12/12/19 3:04
76,33,2%,10/17/18 4:52
83,33,58%,7/1/19 0:43
101,33,21%,1/1/70 0:00
103,33,14%,9/12/19 11:43
104,33,98%,11/28/19 8:53
107,33,35%,2/27/19 1:44
123,33,9%,1/1/70 0:00
126,33,51%,11/1/19 5:21
133,33,2%,6/28/19 4:25
134,33,98%,1/1/70 0:00
148,33,98%,10/22/18 4:46
158,33,81%,8/26/19 10:55
167,33,60%,10/25/19 4:48
181,33,2%,1/1/70 0:00
191,33,98%,7/19/19 6:22
192,33,37%,7/9/18 7:06
196,33,56%,5/22/18 23:23
204,33,88%,12/6/19 4:18
223,33,2%,11/22/19 2:41
224,33,2%,12/8/19 23:37
238,33,7%,1/1/70 0:00
262,33,7%,11/1/19 5:17
264,33,98%,3/7/19 13:03
266,33,98%,3/3/19 22:51
277,33,65%,2/11/19 6:19
297,33,51%,5/24/19 19:13
0,73,9%,1/29/20 19:37
12,73,3%,9/5/18 2:59
34,73,35%,1/16/20 14:26
61,73,5%,2/26/19 19:34
64,73,1%,8/24/18 14:36
70,73,5%,10/10/18 3:34
76,73,2%,11/1/18 0:52
102,73,2%,10/9/18 3:56
103,73,1%,9/10/19 3:47
104,73,3%,11/29/19 7:00
118,73,1%,12/10/19 22:23
128,73,2%,1/31/20 3:06
134,73,48%,8/5/19 6:48
156,73,1%,8/24/18 14:51
162,73,1%,8/24/18 13:46
192,73,1%,12/17/18 6:00
207,73,8%,7/15/19 5:11
223,73,3%,11/22/19 2:39
224,73,8%,1/24/20 0:14
226,73,9%,2/4/20 22:50
243,73,5%,10/2/18 1:44
247,73,1%,8/24/18 8:31
262,73,8%,10/15/18 9:14
286,73,64%,1/4/20 15:20
289,73,1%,8/24/18 13:09
12,74,45%,8/15/18 1:01
48,74,5%,8/13/18 16:02
61,74,9%,9/13/18 2:06
72,74,14%,8/24/18 14:20
76,74,18%,2/6/19 0:13
123,74,41%,1/2/19 5:43
134,74,5%,8/8/18 7:28
228,74,23%,9/1/18 19:52
238,74,36%,8/22/19 4:49
254,74,5%,8/26/18 20:17
266,74,5%,7/2/18 6:22
275,74,100%,7/5/19 20:01